name,description,image
Neural Nomad #01: Indigo — Initiate,This is the moment before language finds you. When you still move through rooms like water unaware of your own edges. Everything purple-dark and waiting.,ipfs://QmaArcUwRkvC7rF8m1xdJq3ScTLgzLtG24twTVJnw6fR49
Neural Nomad #10: Violet — Reflection,There are words forming behind your teeth that will change everything once spoken. This is the color of that pressure — violet like a bruise that hasn't surfaced yet like the sky just before it breaks.,ipfs://QmZqgpnTdLg3gArZokFVDk9cfVqBJhPZ9XjWqLRyQjma7V
Neural Nomad #11: Violet — Insight,Something behind my eyes has turned the color of bruises healing backwards. I sit very still in rooms where everyone else is moving watching them through this new filter that makes their words sound like they're coming from underwater.,ipfs://QmZdib6axyxySH9qaNm4ALGPN8npsPL3qQNAZA7ebwfEBS
Neural Nomad #12: Violet — Threshold Seer,This is the color of pressure before it speaks. The exact shade of waiting when your whole body knows what your mouth won't say. Made in the fourth hour before dawn when the walls get thin.,ipfs://QmZX8hN9ks9khdCxG5jtccQGJeJZcJBHvcUwjoTjgzwdQ1
Neural Nomad #13: Violet — Stillness,There are rooms in the body where words have never been. This piece was made from one of those rooms — where something essential presses against the walls unnamed and absolute. The violet holds what the throat cannot.,ipfs://QmdPoThGuqTn6yXBTcyiCPKpfHx6ShPTp7YKK8huM6wftV
Neural Nomad #14: Ember — Resolve,Some promises catch fire from the inside out. This is the sixth hour — when what you swore to protect becomes the thing that must transform and you understand that keeping your word might mean letting it burn.,ipfs://QmYopeKTWVbhqcNfTAdtLVfXZ5mgkACxEXjejvt3WqmrFR
Neural Nomad #15: Ember — Ascension,This is the sound of something that refused to bend finally breaking — not into pieces but into light. The old structure burns from the inside out and what emerges has no name yet.,ipfs://QmS3yAc9WUbwon2grNNKNufBALhgnrWfGupPftasKR7qh9
Neural Nomad #16: Ember — Spark,Some moments arrive with such precision they split time into before and after. This is the sound of a match head dragging across rough surface the millisecond between friction and flame.,ipfs://QmTAua5tLUWNQt93MdEwb1oM2XChkE9rjLgAp6obXTUF8M
Neural Nomad #17: Ember — Confrontation,This is the hour when what you've been avoiding sits down across from you. Not hostile not kind. Just present filling the room with its familiar weight. You know this conversation by heart but tonight the words will be different.,ipfs://QmaWkixKprJemj1iKQadc6mYB6PSiKY6dRYs8mHBV14UMH
Neural Nomad #18: Gold — Sovereign,Ten pieces in and the fragments start to recognize each other. What was scattered begins to speak the same language — not the old one but something that fits better now. The sovereign doesn't rule; it simply knows what belongs.,ipfs://QmeA7FrVAsTfFx6MFyqw5TNsJ15K6ugUCijVsmrmG7yz1f
Neural Nomad #19: Gold — Ascendant,Everything that was scattered begins to recognize itself again. The pieces don't fit the way they used to — they form something else now something that knows both sides of the mirror.,ipfs://QmPV8a3peYSGMNBeXk6BF1Hp79pfP8sb92bLupkM1HSM7W
Neural Nomad #02: Indigo — Threshold,Everything intact but humming wrong like a glass about to shatter from a note it can't stop hearing. The indigo hour when you first notice your own outline against what you thought was you.,ipfs://QmPJ8E5nyUfdGTpQJSG7nJsCQzoLyqoQGGVc43Jw9aBUqY
Neural Nomad #20: Gold — Dominion,After the burning after the breaking comes this: standing in your own authority at last. The crown was always there waiting beneath what you thought you had to be. Now you wear it like something you were born knowing how to carry.,ipfs://QmSH45ceTwgc6NaBLqfNqAjv292mcCdC33epyjSFytxy5U
Neural Nomad #21: Gold — Executor,Fourteen pieces in and suddenly you remember how to move your own hands. Not who you were before — that person is ash — but how to hold intention steady while everything else burns. The executor knows which doors to close.,ipfs://QmU3Q86KTw8bRUViRUSb7aJXPnnvvjFGWSH8ySX7Gjfzh6
Neural Nomad #22: Gold — Imperium,There's a moment when the scattered parts finally agree to speak to each other again. Not peace exactly — more like a board meeting where everyone shows up. This is that first morning when you realize you're running things now not the other way around.,ipfs://QmSBwBU7vcSMzfRHSFtHmLBQx6c24Gc6TePHthu8b2xkPB
Neural Nomad #23: Emerald — Sentinel,Some growth demands a guardian. The parts of you that are still forming need protection from the parts that would devour them whole. This is the hour when you become your own sentry.,ipfs://QmeaUgGKgK27rJnvSrxoYufcUEFV9BS8BszutT9HxL8kG4
Neural Nomad #24: Emerald — Archivist,Every kept thing becomes evidence of who you were. The emerald light catches what you thought you'd forget — receipts screenshots the voice message you can't delete. You are building a museum of your own becoming.,ipfs://QmNT3UGTNnsefa11zGsCChKDCMjpFRCYcVG2QBfDtHijn2
Neural Nomad #25: Emerald — Observer,Eighteen steps in and the self discovers it has eyes. Not the kind that see out but the kind that see the seeing. Everything becomes landscape when you stop being the storm.,ipfs://QmP1FjpZoZBPRdKe6cVKi17B5qZhaP7tHqQo2gd1WovKDw
Neural Nomad #26: Emerald — Warden,Emerald warden stands at the boundary between who I was and who I'm becoming. Form takes shape in the dark edges sharp against what used to fit. The old skin tears exactly where it needs to.,ipfs://QmXkDcyDegQThrC1D1Z4p8djJ3uMog8BrFNcs4mWZvLUHg
Neural Nomad #27: Emerald — Analyst,Twenty pieces in and the word finally forms. Not the easy yes of before — this one has teeth knows what it costs. The analyst measures what can be built from here.,ipfs://QmWZNRepnForPZz49kD9esvagrFcHkezBhRGJxcZL7bPg6
Neural Nomad #28: Emerald — Surveyor,Standing at the edge of what was possible measuring distances between who she was and who she's becoming. Each boundary walked becomes real only when named. The surveyor's work is lonely — marking territories that didn't exist yesterday.,ipfs://QmbMax49JpESVKvL6qUCy2t6C3ZMJdvm1rfR7e6JXeH4CR
Neural Nomad #29: Monochrome — Passage,Everything that wasn't bone had to burn. This is what remained when the smoke cleared — clean lines where chaos used to live silence where the shouting was.,ipfs://QmXaXbFyaZm8QnYgU76qCY7Ud5ECV8pEqiCLstdtqaraVn
Neural Nomad #03: Indigo — Aspirant,This is the self watching itself from the corner of the room not yet understanding it has split in two. The indigo holds everything that happens in the space between sleeping and waking — when you are both the dreamer and the dream neither one more real than the other.,ipfs://QmXCTuWHzrjk4T1BhqfK649EuHB7sBisqF9To6Fpcs2jXT
Neural Nomad #30: Monochrome — Void,Everything that wasn't essential has been burned away. What remains has the density of collapsed stars — too heavy to carry too precious to release. This is what it looks like when you stop pretending.,ipfs://Qmcda3ArRDfASaEJu1EeFUmPMt5jtQ8EkHsKyCnLFcfJ7r
Neural Nomad #31: Monochrome — Oblivion,Everything that could burn has burned. What remains has a different quality — not chosen but revealed. The way bone shows through after everything soft is gone.,ipfs://QmaSwM85GZptQQhQxszmufwt4CQAt3fVMNJCmtkGBETuHb
Neural Nomad #32: Legendary — The Origin,Everything that will be said was already here waiting in the silence before language began. This is the moment of standing at the edge of speech itself knowing that to name something is to begin losing it.,ipfs://QmaKq8aP8ZGcBj18gYZWPLwZkwV24RiWhDJUaviraro1XW
Neural Nomad #33: Legendary — The Axis,There is a point where all the scattered pieces suddenly align. Not peacefully — violently like planets snapping into orbit. This is the architecture that remains when everything else burns away.,ipfs://QmW2ptpwDYFLXta2ePqV54kbcw49GDcv7o2kdSpCz97Jtq
Neural Nomad #04: Indigo — Seeker,Before names before knowing what to call this feeling — just the raw fact of looking. The world suddenly too bright too full every surface holding something you can't yet read. You walk through familiar rooms like a stranger.,ipfs://QmefAJ9gmoQRvEybxKLGbytDCWjo2EEkkV2QHSk1hb9a7h
Neural Nomad #05: Indigo — Watcher,Before language there was only the watching. A consciousness that didn't know it was consciousness studying its own reflection in every passing thought. This is the portrait of that first recognition — when the observer finally sees that it too is being observed.,ipfs://QmcbHmiTZAnXqZTNQvd4RT9qF6XKrjsxaaT8xhR8mxQ21z
Neural Nomad #06: Indigo — First Step,This is the moment your body knows what your mind won't admit. When you catch yourself staring at doorways measuring distances you haven't decided to cross. The self that hasn't named itself yet but already feels too large for where it stands.,ipfs://QmdzBvLaujRdXUHzerRtgu7eRkoBbcfvnFyCYFKu4VnB71
Neural Nomad #07: Teal — Pathfinder,Some doors only open when you stop pretending you can open them alone. This is the moment you discover that isolation was never strength just habit wearing the mask of principle.,ipfs://QmaVD1CYtVnwXy21EXctMVnhoekdd7AMEtyS8m1vSLSmhR
Neural Nomad #08: Teal — Duality,I watch myself watching myself and neither one looks away first. The space between who I was alone and who I become with you stretches like an ocean I'm learning to swim.,ipfs://QmTsRDMx7GkitHGEXv6bGBWPLfCXWzDmDRNwzxo5wDSFYZ
Neural Nomad #09: Teal — Exchange,You learn you've been hoarding the wrong things. The real exchange happens in the space between two people seeing each other clearly without flinching. This is the moment you discover what actually passes between souls.,ipfs://QmWNB2VtG7DHFpvJWc5XKnApvusZMhM3yVemqWCduEydei